statement,label,n1,n2,diff,abs_diff
Fifty-one is larger than fifty-two.,0,51,52,-1,1
Fifty-one is larger than fifty-four.,0,51,54,-3,3
Fifty-one is larger than fifty-seven.,0,51,57,-6,6
Fifty-one is larger than fifty-nine.,0,51,59,-8,8
Fifty-one is larger than sixty-one.,0,51,61,-10,10
Fifty-one is larger than sixty-three.,0,51,63,-12,12
Fifty-one is larger than sixty-five.,0,51,65,-14,14
Fifty-one is larger than sixty-seven.,0,51,67,-16,16
Fifty-one is larger than sixty-nine.,0,51,69,-18,18
Fifty-one is larger than seventy-one.,0,51,71,-20,20
Fifty-one is larger than seventy-two.,0,51,72,-21,21
Fifty-one is larger than seventy-three.,0,51,73,-22,22
Fifty-one is larger than seventy-four.,0,51,74,-23,23
Fifty-one is larger than seventy-six.,0,51,76,-25,25
Fifty-one is larger than eighty-three.,0,51,83,-32,32
Fifty-one is larger than eighty-five.,0,51,85,-34,34
Fifty-one is larger than eighty-six.,0,51,86,-35,35
Fifty-one is larger than eighty-seven.,0,51,87,-36,36
Fifty-one is larger than eighty-eight.,0,51,88,-37,37
Fifty-one is larger than eighty-nine.,0,51,89,-38,38
Fifty-one is larger than ninety-one.,0,51,91,-40,40
Fifty-one is larger than ninety-five.,0,51,95,-44,44
Fifty-one is larger than ninety-six.,0,51,96,-45,45
Fifty-two is larger than fifty-five.,0,52,55,-3,3
Fifty-two is larger than fifty-six.,0,52,56,-4,4
Fifty-two is larger than fifty-seven.,0,52,57,-5,5
Fifty-two is larger than fifty-eight.,0,52,58,-6,6
Fifty-two is larger than fifty-nine.,0,52,59,-7,7
Fifty-two is larger than sixty-one.,0,52,61,-9,9
Fifty-two is larger than sixty-three.,0,52,63,-11,11
Fifty-two is larger than sixty-five.,0,52,65,-13,13
Fifty-two is larger than sixty-six.,0,52,66,-14,14
Fifty-two is larger than seventy-three.,0,52,73,-21,21
Fifty-two is larger than seventy-four.,0,52,74,-22,22
Fifty-two is larger than eighty-one.,0,52,81,-29,29
Fifty-two is larger than eighty-three.,0,52,83,-31,31
Fifty-two is larger than eighty-five.,0,52,85,-33,33
Fifty-two is larger than eighty-six.,0,52,86,-34,34
Fifty-two is larger than eighty-seven.,0,52,87,-35,35
Fifty-two is larger than eighty-eight.,0,52,88,-36,36
Fifty-two is larger than ninety-two.,0,52,92,-40,40
Fifty-two is larger than ninety-three.,0,52,93,-41,41
Fifty-two is larger than ninety-six.,0,52,96,-44,44
Fifty-two is larger than ninety-eight.,0,52,98,-46,46
Fifty-three is larger than fifty-one.,1,53,51,2,2
Fifty-three is larger than fifty-two.,1,53,52,1,1
Fifty-three is larger than fifty-four.,0,53,54,-1,1
Fifty-three is larger than fifty-five.,0,53,55,-2,2
Fifty-three is larger than sixty-one.,0,53,61,-8,8
Fifty-three is larger than sixty-five.,0,53,65,-12,12
Fifty-three is larger than sixty-six.,0,53,66,-13,13
Fifty-three is larger than sixty-eight.,0,53,68,-15,15
Fifty-three is larger than sixty-nine.,0,53,69,-16,16
Fifty-three is larger than seventy-three.,0,53,73,-20,20
Fifty-three is larger than seventy-six.,0,53,76,-23,23
Fifty-three is larger than seventy-nine.,0,53,79,-26,26
Fifty-three is larger than eighty-one.,0,53,81,-28,28
Fifty-three is larger than eighty-two.,0,53,82,-29,29
Fifty-three is larger than eighty-five.,0,53,85,-32,32
Fifty-three is larger than eighty-eight.,0,53,88,-35,35
Fifty-three is larger than eighty-nine.,0,53,89,-36,36
Fifty-three is larger than ninety-one.,0,53,91,-38,38
Fifty-three is larger than ninety-two.,0,53,92,-39,39
Fifty-three is larger than ninety-three.,0,53,93,-40,40
Fifty-three is larger than ninety-five.,0,53,95,-42,42
Fifty-three is larger than ninety-seven.,0,53,97,-44,44
Fifty-three is larger than ninety-eight.,0,53,98,-45,45
Fifty-three is larger than ninety-nine.,0,53,99,-46,46
Fifty-four is larger than fifty-two.,1,54,52,2,2
Fifty-four is larger than fifty-three.,1,54,53,1,1
Fifty-four is larger than fifty-nine.,0,54,59,-5,5
Fifty-four is larger than sixty-one.,0,54,61,-7,7
Fifty-four is larger than sixty-two.,0,54,62,-8,8
Fifty-four is larger than sixty-four.,0,54,64,-10,10
Fifty-four is larger than sixty-five.,0,54,65,-11,11
Fifty-four is larger than sixty-six.,0,54,66,-12,12
Fifty-four is larger than sixty-seven.,0,54,67,-13,13
Fifty-four is larger than seventy-five.,0,54,75,-21,21
Fifty-four is larger than seventy-six.,0,54,76,-22,22
Fifty-four is larger than seventy-seven.,0,54,77,-23,23
Fifty-four is larger than eighty-four.,0,54,84,-30,30
Fifty-four is larger than eighty-five.,0,54,85,-31,31
Fifty-four is larger than eighty-seven.,0,54,87,-33,33
Fifty-four is larger than eighty-eight.,0,54,88,-34,34
Fifty-four is larger than ninety-three.,0,54,93,-39,39
Fifty-four is larger than ninety-four.,0,54,94,-40,40
Fifty-four is larger than ninety-seven.,0,54,97,-43,43
Fifty-four is larger than ninety-eight.,0,54,98,-44,44
Fifty-five is larger than fifty-two.,1,55,52,3,3
Fifty-five is larger than fifty-six.,0,55,56,-1,1
Fifty-five is larger than fifty-seven.,0,55,57,-2,2
Fifty-five is larger than fifty-eight.,0,55,58,-3,3
Fifty-five is larger than sixty-one.,0,55,61,-6,6
Fifty-five is larger than sixty-two.,0,55,62,-7,7
Fifty-five is larger than sixty-seven.,0,55,67,-12,12
Fifty-five is larger than sixty-eight.,0,55,68,-13,13
Fifty-five is larger than seventy-one.,0,55,71,-16,16
Fifty-five is larger than seventy-nine.,0,55,79,-24,24
Fifty-five is larger than eighty-one.,0,55,81,-26,26
Fifty-five is larger than eighty-four.,0,55,84,-29,29
Fifty-five is larger than ninety-two.,0,55,92,-37,37
Fifty-five is larger than ninety-three.,0,55,93,-38,38
Fifty-five is larger than ninety-six.,0,55,96,-41,41
Fifty-five is larger than ninety-nine.,0,55,99,-44,44
Fifty-six is larger than fifty-one.,1,56,51,5,5
Fifty-six is larger than fifty-two.,1,56,52,4,4
Fifty-six is larger than fifty-three.,1,56,53,3,3
Fifty-six is larger than fifty-four.,1,56,54,2,2
Fifty-six is larger than fifty-seven.,0,56,57,-1,1
Fifty-six is larger than sixty-three.,0,56,63,-7,7
Fifty-six is larger than sixty-seven.,0,56,67,-11,11
Fifty-six is larger than sixty-nine.,0,56,69,-13,13
Fifty-six is larger than seventy-six.,0,56,76,-20,20
Fifty-six is larger than seventy-seven.,0,56,77,-21,21
Fifty-six is larger than eighty-three.,0,56,83,-27,27
Fifty-six is larger than eighty-seven.,0,56,87,-31,31
Fifty-six is larger than eighty-eight.,0,56,88,-32,32
Fifty-six is larger than ninety-one.,0,56,91,-35,35
Fifty-six is larger than ninety-two.,0,56,92,-36,36
Fifty-six is larger than ninety-four.,0,56,94,-38,38
Fifty-six is larger than ninety-five.,0,56,95,-39,39
Fifty-seven is larger than fifty-one.,1,57,51,6,6
Fifty-seven is larger than fifty-two.,1,57,52,5,5
Fifty-seven is larger than fifty-three.,1,57,53,4,4
Fifty-seven is larger than fifty-four.,1,57,54,3,3
Fifty-seven is larger than fifty-six.,1,57,56,1,1
Fifty-seven is larger than fifty-eight.,0,57,58,-1,1
Fifty-seven is larger than fifty-nine.,0,57,59,-2,2
Fifty-seven is larger than sixty-two.,0,57,62,-5,5
Fifty-seven is larger than sixty-four.,0,57,64,-7,7
Fifty-seven is larger than sixty-five.,0,57,65,-8,8
Fifty-seven is larger than sixty-six.,0,57,66,-9,9
Fifty-seven is larger than sixty-seven.,0,57,67,-10,10
Fifty-seven is larger than sixty-eight.,0,57,68,-11,11
Fifty-seven is larger than seventy-three.,0,57,73,-16,16
Fifty-seven is larger than seventy-four.,0,57,74,-17,17
Fifty-seven is larger than seventy-six.,0,57,76,-19,19
Fifty-seven is larger than seventy-nine.,0,57,79,-22,22
Fifty-seven is larger than eighty-two.,0,57,82,-25,25
Fifty-seven is larger than eighty-three.,0,57,83,-26,26
Fifty-seven is larger than eighty-four.,0,57,84,-27,27
Fifty-seven is larger than eighty-seven.,0,57,87,-30,30
Fifty-seven is larger than eighty-eight.,0,57,88,-31,31
Fifty-seven is larger than ninety-three.,0,57,93,-36,36
Fifty-seven is larger than ninety-five.,0,57,95,-38,38
Fifty-seven is larger than ninety-six.,0,57,96,-39,39
Fifty-seven is larger than ninety-seven.,0,57,97,-40,40
Fifty-eight is larger than fifty-one.,1,58,51,7,7
Fifty-eight is larger than fifty-three.,1,58,53,5,5
Fifty-eight is larger than fifty-four.,1,58,54,4,4
Fifty-eight is larger than fifty-five.,1,58,55,3,3
Fifty-eight is larger than sixty-one.,0,58,61,-3,3
Fifty-eight is larger than sixty-two.,0,58,62,-4,4
Fifty-eight is larger than sixty-three.,0,58,63,-5,5
Fifty-eight is larger than sixty-four.,0,58,64,-6,6
Fifty-eight is larger than sixty-six.,0,58,66,-8,8
Fifty-eight is larger than sixty-nine.,0,58,69,-11,11
Fifty-eight is larger than seventy-one.,0,58,71,-13,13
Fifty-eight is larger than seventy-two.,0,58,72,-14,14
Fifty-eight is larger than seventy-three.,0,58,73,-15,15
Fifty-eight is larger than seventy-five.,0,58,75,-17,17
Fifty-eight is larger than seventy-seven.,0,58,77,-19,19
Fifty-eight is larger than seventy-eight.,0,58,78,-20,20
Fifty-eight is larger than seventy-nine.,0,58,79,-21,21
Fifty-eight is larger than eighty-two.,0,58,82,-24,24
Fifty-eight is larger than eighty-three.,0,58,83,-25,25
Fifty-eight is larger than eighty-five.,0,58,85,-27,27
Fifty-eight is larger than eighty-six.,0,58,86,-28,28
Fifty-eight is larger than eighty-eight.,0,58,88,-30,30
Fifty-eight is larger than eighty-nine.,0,58,89,-31,31
Fifty-eight is larger than ninety-two.,0,58,92,-34,34
Fifty-eight is larger than ninety-nine.,0,58,99,-41,41
Fifty-nine is larger than fifty-two.,1,59,52,7,7
Fifty-nine is larger than fifty-three.,1,59,53,6,6
Fifty-nine is larger than fifty-four.,1,59,54,5,5
Fifty-nine is larger than fifty-six.,1,59,56,3,3
Fifty-nine is larger than fifty-eight.,1,59,58,1,1
Fifty-nine is larger than sixty-one.,0,59,61,-2,2
Fifty-nine is larger than sixty-two.,0,59,62,-3,3
Fifty-nine is larger than sixty-five.,0,59,65,-6,6
Fifty-nine is larger than sixty-six.,0,59,66,-7,7
Fifty-nine is larger than sixty-seven.,0,59,67,-8,8
Fifty-nine is larger than sixty-nine.,0,59,69,-10,10
Fifty-nine is larger than seventy-one.,0,59,71,-12,12
Fifty-nine is larger than seventy-three.,0,59,73,-14,14
Fifty-nine is larger than seventy-six.,0,59,76,-17,17
Fifty-nine is larger than seventy-nine.,0,59,79,-20,20
Fifty-nine is larger than eighty-two.,0,59,82,-23,23
Fifty-nine is larger than eighty-four.,0,59,84,-25,25
Fifty-nine is larger than eighty-five.,0,59,85,-26,26
Fifty-nine is larger than eighty-six.,0,59,86,-27,27
Fifty-nine is larger than eighty-nine.,0,59,89,-30,30
Fifty-nine is larger than ninety-seven.,0,59,97,-38,38
Fifty-nine is larger than ninety-eight.,0,59,98,-39,39
Fifty-nine is larger than ninety-nine.,0,59,99,-40,40
Sixty-one is larger than fifty-one.,1,61,51,10,10
Sixty-one is larger than fifty-five.,1,61,55,6,6
Sixty-one is larger than sixty-two.,0,61,62,-1,1
Sixty-one is larger than sixty-three.,0,61,63,-2,2
Sixty-one is larger than sixty-five.,0,61,65,-4,4
Sixty-one is larger than sixty-six.,0,61,66,-5,5
Sixty-one is larger than sixty-eight.,0,61,68,-7,7
Sixty-one is larger than sixty-nine.,0,61,69,-8,8
Sixty-one is larger than seventy-one.,0,61,71,-10,10
Sixty-one is larger than seventy-five.,0,61,75,-14,14
Sixty-one is larger than seventy-six.,0,61,76,-15,15
Sixty-one is larger than seventy-seven.,0,61,77,-16,16
Sixty-one is larger than seventy-eight.,0,61,78,-17,17
Sixty-one is larger than eighty-one.,0,61,81,-20,20
Sixty-one is larger than eighty-four.,0,61,84,-23,23
Sixty-one is larger than eighty-five.,0,61,85,-24,24
Sixty-one is larger than ninety-one.,0,61,91,-30,30
Sixty-one is larger than ninety-two.,0,61,92,-31,31
Sixty-one is larger than ninety-three.,0,61,93,-32,32
Sixty-one is larger than ninety-four.,0,61,94,-33,33
Sixty-one is larger than ninety-seven.,0,61,97,-36,36
Sixty-two is larger than fifty-two.,1,62,52,10,10
Sixty-two is larger than fifty-six.,1,62,56,6,6
Sixty-two is larger than fifty-nine.,1,62,59,3,3
Sixty-two is larger than sixty-one.,1,62,61,1,1
Sixty-two is larger than sixty-three.,0,62,63,-1,1
Sixty-two is larger than sixty-four.,0,62,64,-2,2
Sixty-two is larger than sixty-five.,0,62,65,-3,3
Sixty-two is larger than sixty-eight.,0,62,68,-6,6
Sixty-two is larger than sixty-nine.,0,62,69,-7,7
Sixty-two is larger than seventy-one.,0,62,71,-9,9
Sixty-two is larger than seventy-two.,0,62,72,-10,10
Sixty-two is larger than seventy-five.,0,62,75,-13,13
Sixty-two is larger than seventy-nine.,0,62,79,-17,17
Sixty-two is larger than eighty-two.,0,62,82,-20,20
Sixty-two is larger than eighty-three.,0,62,83,-21,21
Sixty-two is larger than eighty-five.,0,62,85,-23,23
Sixty-two is larger than eighty-nine.,0,62,89,-27,27
Sixty-two is larger than ninety-one.,0,62,91,-29,29
Sixty-two is larger than ninety-two.,0,62,92,-30,30
Sixty-two is larger than ninety-six.,0,62,96,-34,34
Sixty-two is larger than ninety-seven.,0,62,97,-35,35
Sixty-two is larger than ninety-nine.,0,62,99,-37,37
Sixty-three is larger than fifty-one.,1,63,51,12,12
Sixty-three is larger than fifty-two.,1,63,52,11,11
Sixty-three is larger than fifty-seven.,1,63,57,6,6
Sixty-three is larger than fifty-nine.,1,63,59,4,4
Sixty-three is larger than sixty-four.,0,63,64,-1,1
Sixty-three is larger than sixty-nine.,0,63,69,-6,6
Sixty-three is larger than seventy-one.,0,63,71,-8,8
Sixty-three is larger than seventy-two.,0,63,72,-9,9
Sixty-three is larger than seventy-three.,0,63,73,-10,10
Sixty-three is larger than seventy-seven.,0,63,77,-14,14
Sixty-three is larger than seventy-nine.,0,63,79,-16,16
Sixty-three is larger than eighty-three.,0,63,83,-20,20
Sixty-three is larger than eighty-four.,0,63,84,-21,21
Sixty-three is larger than eighty-six.,0,63,86,-23,23
Sixty-three is larger than eighty-seven.,0,63,87,-24,24
Sixty-three is larger than ninety-six.,0,63,96,-33,33
Sixty-three is larger than ninety-seven.,0,63,97,-34,34
Sixty-three is larger than ninety-eight.,0,63,98,-35,35
Sixty-four is larger than fifty-one.,1,64,51,13,13
Sixty-four is larger than fifty-two.,1,64,52,12,12
Sixty-four is larger than fifty-three.,1,64,53,11,11
Sixty-four is larger than fifty-five.,1,64,55,9,9
Sixty-four is larger than fifty-seven.,1,64,57,7,7
Sixty-four is larger than fifty-eight.,1,64,58,6,6
Sixty-four is larger than sixty-one.,1,64,61,3,3
Sixty-four is larger than sixty-two.,1,64,62,2,2
Sixty-four is larger than sixty-three.,1,64,63,1,1
Sixty-four is larger than sixty-six.,0,64,66,-2,2
Sixty-four is larger than sixty-seven.,0,64,67,-3,3
Sixty-four is larger than sixty-nine.,0,64,69,-5,5
Sixty-four is larger than seventy-three.,0,64,73,-9,9
Sixty-four is larger than seventy-five.,0,64,75,-11,11
Sixty-four is larger than seventy-six.,0,64,76,-12,12
Sixty-four is larger than seventy-seven.,0,64,77,-13,13
Sixty-four is larger than eighty-one.,0,64,81,-17,17
Sixty-four is larger than eighty-four.,0,64,84,-20,20
Sixty-four is larger than eighty-five.,0,64,85,-21,21
Sixty-four is larger than eighty-six.,0,64,86,-22,22
Sixty-four is larger than eighty-seven.,0,64,87,-23,23
Sixty-four is larger than eighty-eight.,0,64,88,-24,24
Sixty-four is larger than eighty-nine.,0,64,89,-25,25
Sixty-four is larger than ninety-two.,0,64,92,-28,28
Sixty-four is larger than ninety-three.,0,64,93,-29,29
Sixty-four is larger than ninety-four.,0,64,94,-30,30
Sixty-four is larger than ninety-five.,0,64,95,-31,31
Sixty-four is larger than ninety-seven.,0,64,97,-33,33
Sixty-four is larger than ninety-nine.,0,64,99,-35,35
Sixty-five is larger than fifty-four.,1,65,54,11,11
Sixty-five is larger than fifty-seven.,1,65,57,8,8
Sixty-five is larger than fifty-nine.,1,65,59,6,6
Sixty-five is larger than sixty-seven.,0,65,67,-2,2
Sixty-five is larger than seventy-six.,0,65,76,-11,11
Sixty-five is larger than seventy-seven.,0,65,77,-12,12
Sixty-five is larger than seventy-nine.,0,65,79,-14,14
Sixty-five is larger than eighty-three.,0,65,83,-18,18
Sixty-five is larger than eighty-five.,0,65,85,-20,20
Sixty-five is larger than eighty-six.,0,65,86,-21,21
Sixty-five is larger than eighty-seven.,0,65,87,-22,22
Sixty-five is larger than eighty-nine.,0,65,89,-24,24
Sixty-five is larger than ninety-one.,0,65,91,-26,26
Sixty-five is larger than ninety-four.,0,65,94,-29,29
Sixty-five is larger than ninety-five.,0,65,95,-30,30
Sixty-five is larger than ninety-six.,0,65,96,-31,31
Sixty-five is larger than ninety-seven.,0,65,97,-32,32
Sixty-six is larger than fifty-one.,1,66,51,15,15
Sixty-six is larger than fifty-two.,1,66,52,14,14
Sixty-six is larger than fifty-four.,1,66,54,12,12
Sixty-six is larger than fifty-five.,1,66,55,11,11
Sixty-six is larger than fifty-six.,1,66,56,10,10
Sixty-six is larger than sixty-one.,1,66,61,5,5
Sixty-six is larger than sixty-three.,1,66,63,3,3
Sixty-six is larger than sixty-four.,1,66,64,2,2
Sixty-six is larger than sixty-seven.,0,66,67,-1,1
Sixty-six is larger than sixty-eight.,0,66,68,-2,2
Sixty-six is larger than seventy-one.,0,66,71,-5,5
Sixty-six is larger than seventy-two.,0,66,72,-6,6
Sixty-six is larger than seventy-six.,0,66,76,-10,10
Sixty-six is larger than eighty-one.,0,66,81,-15,15
Sixty-six is larger than eighty-two.,0,66,82,-16,16
Sixty-six is larger than eighty-four.,0,66,84,-18,18
Sixty-six is larger than eighty-six.,0,66,86,-20,20
Sixty-six is larger than eighty-seven.,0,66,87,-21,21
Sixty-six is larger than ninety-one.,0,66,91,-25,25
Sixty-seven is larger than fifty-two.,1,67,52,15,15
Sixty-seven is larger than fifty-five.,1,67,55,12,12
Sixty-seven is larger than fifty-six.,1,67,56,11,11
Sixty-seven is larger than fifty-eight.,1,67,58,9,9
Sixty-seven is larger than fifty-nine.,1,67,59,8,8
Sixty-seven is larger than sixty-two.,1,67,62,5,5
Sixty-seven is larger than sixty-three.,1,67,63,4,4
Sixty-seven is larger than sixty-four.,1,67,64,3,3
Sixty-seven is larger than sixty-six.,1,67,66,1,1
Sixty-seven is larger than sixty-eight.,0,67,68,-1,1
Sixty-seven is larger than sixty-nine.,0,67,69,-2,2
Sixty-seven is larger than seventy-one.,0,67,71,-4,4
Sixty-seven is larger than seventy-four.,0,67,74,-7,7
Sixty-seven is larger than eighty-one.,0,67,81,-14,14
Sixty-seven is larger than eighty-three.,0,67,83,-16,16
Sixty-seven is larger than eighty-four.,0,67,84,-17,17
Sixty-seven is larger than eighty-five.,0,67,85,-18,18
Sixty-seven is larger than eighty-seven.,0,67,87,-20,20
Sixty-seven is larger than eighty-nine.,0,67,89,-22,22
Sixty-seven is larger than ninety-two.,0,67,92,-25,25
Sixty-seven is larger than ninety-three.,0,67,93,-26,26
Sixty-seven is larger than ninety-four.,0,67,94,-27,27
Sixty-seven is larger than ninety-five.,0,67,95,-28,28
Sixty-seven is larger than ninety-seven.,0,67,97,-30,30
Sixty-seven is larger than ninety-eight.,0,67,98,-31,31
Sixty-seven is larger than ninety-nine.,0,67,99,-32,32
Sixty-eight is larger than fifty-two.,1,68,52,16,16
Sixty-eight is larger than fifty-three.,1,68,53,15,15
Sixty-eight is larger than fifty-five.,1,68,55,13,13
Sixty-eight is larger than fifty-eight.,1,68,58,10,10
Sixty-eight is larger than fifty-nine.,1,68,59,9,9
Sixty-eight is larger than sixty-one.,1,68,61,7,7
Sixty-eight is larger than sixty-three.,1,68,63,5,5
Sixty-eight is larger than sixty-four.,1,68,64,4,4
Sixty-eight is larger than sixty-five.,1,68,65,3,3
Sixty-eight is larger than sixty-seven.,1,68,67,1,1
Sixty-eight is larger than seventy-three.,0,68,73,-5,5
Sixty-eight is larger than seventy-six.,0,68,76,-8,8
Sixty-eight is larger than seventy-seven.,0,68,77,-9,9
Sixty-eight is larger than seventy-nine.,0,68,79,-11,11
Sixty-eight is larger than eighty-two.,0,68,82,-14,14
Sixty-eight is larger than eighty-four.,0,68,84,-16,16
Sixty-eight is larger than eighty-five.,0,68,85,-17,17
Sixty-eight is larger than eighty-six.,0,68,86,-18,18
Sixty-eight is larger than eighty-seven.,0,68,87,-19,19
Sixty-eight is larger than eighty-eight.,0,68,88,-20,20
Sixty-eight is larger than eighty-nine.,0,68,89,-21,21
Sixty-eight is larger than ninety-four.,0,68,94,-26,26
Sixty-eight is larger than ninety-seven.,0,68,97,-29,29
Sixty-eight is larger than ninety-nine.,0,68,99,-31,31
Sixty-nine is larger than fifty-three.,1,69,53,16,16
Sixty-nine is larger than fifty-seven.,1,69,57,12,12
Sixty-nine is larger than fifty-eight.,1,69,58,11,11
Sixty-nine is larger than fifty-nine.,1,69,59,10,10
Sixty-nine is larger than sixty-one.,1,69,61,8,8
Sixty-nine is larger than sixty-two.,1,69,62,7,7
Sixty-nine is larger than sixty-three.,1,69,63,6,6
Sixty-nine is larger than sixty-five.,1,69,65,4,4
Sixty-nine is larger than sixty-six.,1,69,66,3,3
Sixty-nine is larger than seventy-two.,0,69,72,-3,3
Sixty-nine is larger than seventy-three.,0,69,73,-4,4
Sixty-nine is larger than seventy-four.,0,69,74,-5,5
Sixty-nine is larger than seventy-seven.,0,69,77,-8,8
Sixty-nine is larger than seventy-nine.,0,69,79,-10,10
Sixty-nine is larger than eighty-one.,0,69,81,-12,12
Sixty-nine is larger than eighty-two.,0,69,82,-13,13
Sixty-nine is larger than eighty-three.,0,69,83,-14,14
Sixty-nine is larger than eighty-four.,0,69,84,-15,15
Sixty-nine is larger than eighty-five.,0,69,85,-16,16
Sixty-nine is larger than ninety-one.,0,69,91,-22,22
Sixty-nine is larger than ninety-four.,0,69,94,-25,25
Sixty-nine is larger than ninety-five.,0,69,95,-26,26
Seventy-one is larger than fifty-two.,1,71,52,19,19
Seventy-one is larger than sixty-one.,1,71,61,10,10
Seventy-one is larger than sixty-two.,1,71,62,9,9
Seventy-one is larger than sixty-three.,1,71,63,8,8
Seventy-one is larger than sixty-five.,1,71,65,6,6
Seventy-one is larger than sixty-nine.,1,71,69,2,2
Seventy-one is larger than seventy-five.,0,71,75,-4,4
Seventy-one is larger than seventy-six.,0,71,76,-5,5
Seventy-one is larger than seventy-nine.,0,71,79,-8,8
Seventy-one is larger than eighty-two.,0,71,82,-11,11
Seventy-one is larger than eighty-three.,0,71,83,-12,12
Seventy-one is larger than ninety-two.,0,71,92,-21,21
Seventy-one is larger than ninety-seven.,0,71,97,-26,26
Seventy-one is larger than ninety-eight.,0,71,98,-27,27
Seventy-two is larger than fifty-one.,1,72,51,21,21
Seventy-two is larger than fifty-three.,1,72,53,19,19
Seventy-two is larger than fifty-four.,1,72,54,18,18
Seventy-two is larger than fifty-five.,1,72,55,17,17
Seventy-two is larger than fifty-six.,1,72,56,16,16
Seventy-two is larger than fifty-seven.,1,72,57,15,15
Seventy-two is larger than fifty-eight.,1,72,58,14,14
Seventy-two is larger than sixty-one.,1,72,61,11,11
Seventy-two is larger than sixty-two.,1,72,62,10,10
Seventy-two is larger than sixty-four.,1,72,64,8,8
Seventy-two is larger than sixty-six.,1,72,66,6,6
Seventy-two is larger than sixty-seven.,1,72,67,5,5
Seventy-two is larger than sixty-nine.,1,72,69,3,3
Seventy-two is larger than seventy-one.,1,72,71,1,1
Seventy-two is larger than seventy-three.,0,72,73,-1,1
Seventy-two is larger than seventy-five.,0,72,75,-3,3
Seventy-two is larger than seventy-six.,0,72,76,-4,4
Seventy-two is larger than eighty-one.,0,72,81,-9,9
Seventy-two is larger than eighty-two.,0,72,82,-10,10
Seventy-two is larger than eighty-four.,0,72,84,-12,12
Seventy-two is larger than eighty-six.,0,72,86,-14,14
Seventy-two is larger than eighty-nine.,0,72,89,-17,17
Seventy-two is larger than ninety-two.,0,72,92,-20,20
Seventy-two is larger than ninety-four.,0,72,94,-22,22
Seventy-two is larger than ninety-five.,0,72,95,-23,23
Seventy-two is larger than ninety-six.,0,72,96,-24,24
Seventy-two is larger than ninety-seven.,0,72,97,-25,25
Seventy-two is larger than ninety-eight.,0,72,98,-26,26
Seventy-three is larger than fifty-one.,1,73,51,22,22
Seventy-three is larger than fifty-seven.,1,73,57,16,16
Seventy-three is larger than fifty-eight.,1,73,58,15,15
Seventy-three is larger than fifty-nine.,1,73,59,14,14
Seventy-three is larger than sixty-one.,1,73,61,12,12
Seventy-three is larger than sixty-two.,1,73,62,11,11
Seventy-three is larger than sixty-four.,1,73,64,9,9
Seventy-three is larger than seventy-two.,1,73,72,1,1
Seventy-three is larger than seventy-six.,0,73,76,-3,3
Seventy-three is larger than seventy-seven.,0,73,77,-4,4
Seventy-three is larger than seventy-eight.,0,73,78,-5,5
Seventy-three is larger than seventy-nine.,0,73,79,-6,6
Seventy-three is larger than eighty-one.,0,73,81,-8,8
Seventy-three is larger than eighty-two.,0,73,82,-9,9
Seventy-three is larger than eighty-six.,0,73,86,-13,13
Seventy-three is larger than eighty-seven.,0,73,87,-14,14
Seventy-three is larger than eighty-nine.,0,73,89,-16,16
Seventy-three is larger than ninety-one.,0,73,91,-18,18
Seventy-three is larger than ninety-three.,0,73,93,-20,20
Seventy-three is larger than ninety-six.,0,73,96,-23,23
Seventy-three is larger than ninety-seven.,0,73,97,-24,24
Seventy-three is larger than ninety-eight.,0,73,98,-25,25
Seventy-three is larger than ninety-nine.,0,73,99,-26,26
Seventy-four is larger than fifty-two.,1,74,52,22,22
Seventy-four is larger than fifty-nine.,1,74,59,15,15
Seventy-four is larger than sixty-three.,1,74,63,11,11
Seventy-four is larger than sixty-five.,1,74,65,9,9
Seventy-four is larger than sixty-seven.,1,74,67,7,7
Seventy-four is larger than sixty-eight.,1,74,68,6,6
Seventy-four is larger than seventy-seven.,0,74,77,-3,3
Seventy-four is larger than seventy-nine.,0,74,79,-5,5
Seventy-four is larger than eighty-one.,0,74,81,-7,7
Seventy-four is larger than eighty-two.,0,74,82,-8,8
Seventy-four is larger than eighty-three.,0,74,83,-9,9
Seventy-four is larger than eighty-five.,0,74,85,-11,11
Seventy-four is larger than eighty-seven.,0,74,87,-13,13
Seventy-four is larger than ninety-four.,0,74,94,-20,20
Seventy-four is larger than ninety-five.,0,74,95,-21,21
Seventy-four is larger than ninety-six.,0,74,96,-22,22
Seventy-four is larger than ninety-seven.,0,74,97,-23,23
Seventy-five is larger than fifty-one.,1,75,51,24,24
Seventy-five is larger than fifty-two.,1,75,52,23,23
Seventy-five is larger than fifty-three.,1,75,53,22,22
Seventy-five is larger than fifty-eight.,1,75,58,17,17
Seventy-five is larger than fifty-nine.,1,75,59,16,16
Seventy-five is larger than sixty-one.,1,75,61,14,14
Seventy-five is larger than sixty-four.,1,75,64,11,11
Seventy-five is larger than sixty-five.,1,75,65,10,10
Seventy-five is larger than sixty-eight.,1,75,68,7,7
Seventy-five is larger than seventy-two.,1,75,72,3,3
Seventy-five is larger than seventy-three.,1,75,73,2,2
Seventy-five is larger than seventy-six.,0,75,76,-1,1
Seventy-five is larger than seventy-seven.,0,75,77,-2,2
Seventy-five is larger than seventy-nine.,0,75,79,-4,4
Seventy-five is larger than eighty-one.,0,75,81,-6,6
Seventy-five is larger than eighty-two.,0,75,82,-7,7
Seventy-five is larger than eighty-three.,0,75,83,-8,8
Seventy-five is larger than eighty-four.,0,75,84,-9,9
Seventy-five is larger than eighty-nine.,0,75,89,-14,14
Seventy-five is larger than ninety-five.,0,75,95,-20,20
Seventy-five is larger than ninety-six.,0,75,96,-21,21
Seventy-five is larger than ninety-seven.,0,75,97,-22,22
Seventy-six is larger than fifty-four.,1,76,54,22,22
Seventy-six is larger than fifty-five.,1,76,55,21,21
Seventy-six is larger than fifty-six.,1,76,56,20,20
Seventy-six is larger than fifty-nine.,1,76,59,17,17
Seventy-six is larger than sixty-one.,1,76,61,15,15
Seventy-six is larger than sixty-two.,1,76,62,14,14
Seventy-six is larger than sixty-three.,1,76,63,13,13
Seventy-six is larger than sixty-four.,1,76,64,12,12
Seventy-six is larger than sixty-five.,1,76,65,11,11
Seventy-six is larger than sixty-six.,1,76,66,10,10
Seventy-six is larger than sixty-seven.,1,76,67,9,9
Seventy-six is larger than seventy-two.,1,76,72,4,4
Seventy-six is larger than seventy-three.,1,76,73,3,3
Seventy-six is larger than seventy-seven.,0,76,77,-1,1
Seventy-six is larger than eighty-one.,0,76,81,-5,5
Seventy-six is larger than eighty-two.,0,76,82,-6,6
Seventy-six is larger than eighty-three.,0,76,83,-7,7
Seventy-six is larger than eighty-four.,0,76,84,-8,8
Seventy-six is larger than eighty-five.,0,76,85,-9,9
Seventy-six is larger than eighty-eight.,0,76,88,-12,12
Seventy-six is larger than ninety-two.,0,76,92,-16,16
Seventy-six is larger than ninety-three.,0,76,93,-17,17
Seventy-six is larger than ninety-five.,0,76,95,-19,19
Seventy-six is larger than ninety-nine.,0,76,99,-23,23
Seventy-seven is larger than fifty-one.,1,77,51,26,26
Seventy-seven is larger than fifty-two.,1,77,52,25,25
Seventy-seven is larger than fifty-five.,1,77,55,22,22
Seventy-seven is larger than fifty-six.,1,77,56,21,21
Seventy-seven is larger than fifty-seven.,1,77,57,20,20
Seventy-seven is larger than fifty-eight.,1,77,58,19,19
Seventy-seven is larger than sixty-one.,1,77,61,16,16
Seventy-seven is larger than sixty-two.,1,77,62,15,15
Seventy-seven is larger than sixty-three.,1,77,63,14,14
Seventy-seven is larger than sixty-five.,1,77,65,12,12
Seventy-seven is larger than sixty-seven.,1,77,67,10,10
Seventy-seven is larger than sixty-eight.,1,77,68,9,9
Seventy-seven is larger than sixty-nine.,1,77,69,8,8
Seventy-seven is larger than seventy-two.,1,77,72,5,5
Seventy-seven is larger than seventy-three.,1,77,73,4,4
Seventy-seven is larger than seventy-four.,1,77,74,3,3
Seventy-seven is larger than seventy-five.,1,77,75,2,2
Seventy-seven is larger than seventy-six.,1,77,76,1,1
Seventy-seven is larger than seventy-eight.,0,77,78,-1,1
Seventy-seven is larger than seventy-nine.,0,77,79,-2,2
Seventy-seven is larger than eighty-one.,0,77,81,-4,4
Seventy-seven is larger than eighty-three.,0,77,83,-6,6
Seventy-seven is larger than eighty-six.,0,77,86,-9,9
Seventy-seven is larger than eighty-seven.,0,77,87,-10,10
Seventy-seven is larger than eighty-nine.,0,77,89,-12,12
Seventy-seven is larger than ninety-five.,0,77,95,-18,18
Seventy-seven is larger than ninety-seven.,0,77,97,-20,20
Seventy-seven is larger than ninety-nine.,0,77,99,-22,22
Seventy-eight is larger than fifty-two.,1,78,52,26,26
Seventy-eight is larger than fifty-three.,1,78,53,25,25
Seventy-eight is larger than fifty-four.,1,78,54,24,24
Seventy-eight is larger than fifty-five.,1,78,55,23,23
Seventy-eight is larger than fifty-six.,1,78,56,22,22
Seventy-eight is larger than fifty-eight.,1,78,58,20,20
Seventy-eight is larger than sixty-one.,1,78,61,17,17
Seventy-eight is larger than sixty-four.,1,78,64,14,14
Seventy-eight is larger than sixty-five.,1,78,65,13,13
Seventy-eight is larger than sixty-eight.,1,78,68,10,10
Seventy-eight is larger than sixty-nine.,1,78,69,9,9
Seventy-eight is larger than seventy-two.,1,78,72,6,6
Seventy-eight is larger than seventy-four.,1,78,74,4,4
Seventy-eight is larger than seventy-five.,1,78,75,3,3
Seventy-eight is larger than seventy-seven.,1,78,77,1,1
Seventy-eight is larger than eighty-one.,0,78,81,-3,3
Seventy-eight is larger than eighty-two.,0,78,82,-4,4
Seventy-eight is larger than eighty-four.,0,78,84,-6,6
Seventy-eight is larger than eighty-five.,0,78,85,-7,7
Seventy-eight is larger than eighty-seven.,0,78,87,-9,9
Seventy-eight is larger than eighty-nine.,0,78,89,-11,11
Seventy-eight is larger than ninety-one.,0,78,91,-13,13
Seventy-eight is larger than ninety-two.,0,78,92,-14,14
Seventy-eight is larger than ninety-nine.,0,78,99,-21,21
Seventy-nine is larger than fifty-one.,1,79,51,28,28
Seventy-nine is larger than fifty-two.,1,79,52,27,27
Seventy-nine is larger than fifty-three.,1,79,53,26,26
Seventy-nine is larger than fifty-four.,1,79,54,25,25
Seventy-nine is larger than fifty-five.,1,79,55,24,24
Seventy-nine is larger than fifty-six.,1,79,56,23,23
Seventy-nine is larger than sixty-two.,1,79,62,17,17
Seventy-nine is larger than sixty-three.,1,79,63,16,16
Seventy-nine is larger than sixty-five.,1,79,65,14,14
Seventy-nine is larger than sixty-seven.,1,79,67,12,12
Seventy-nine is larger than sixty-eight.,1,79,68,11,11
Seventy-nine is larger than sixty-nine.,1,79,69,10,10
Seventy-nine is larger than seventy-one.,1,79,71,8,8
Seventy-nine is larger than seventy-two.,1,79,72,7,7
Seventy-nine is larger than seventy-four.,1,79,74,5,5
Seventy-nine is larger than seventy-seven.,1,79,77,2,2
Seventy-nine is larger than eighty-one.,0,79,81,-2,2
Seventy-nine is larger than eighty-two.,0,79,82,-3,3
Seventy-nine is larger than eighty-four.,0,79,84,-5,5
Seventy-nine is larger than eighty-five.,0,79,85,-6,6
Seventy-nine is larger than eighty-six.,0,79,86,-7,7
Seventy-nine is larger than eighty-seven.,0,79,87,-8,8
Seventy-nine is larger than ninety-five.,0,79,95,-16,16
Seventy-nine is larger than ninety-six.,0,79,96,-17,17
Seventy-nine is larger than ninety-seven.,0,79,97,-18,18
Seventy-nine is larger than ninety-eight.,0,79,98,-19,19
Eighty-one is larger than fifty-six.,1,81,56,25,25
Eighty-one is larger than fifty-seven.,1,81,57,24,24
Eighty-one is larger than fifty-eight.,1,81,58,23,23
Eighty-one is larger than fifty-nine.,1,81,59,22,22
Eighty-one is larger than sixty-one.,1,81,61,20,20
Eighty-one is larger than sixty-two.,1,81,62,19,19
Eighty-one is larger than sixty-three.,1,81,63,18,18
Eighty-one is larger than sixty-four.,1,81,64,17,17
Eighty-one is larger than sixty-seven.,1,81,67,14,14
Eighty-one is larger than sixty-nine.,1,81,69,12,12
Eighty-one is larger than seventy-one.,1,81,71,10,10
Eighty-one is larger than seventy-four.,1,81,74,7,7
Eighty-one is larger than seventy-five.,1,81,75,6,6
Eighty-one is larger than seventy-seven.,1,81,77,4,4
Eighty-one is larger than seventy-nine.,1,81,79,2,2
Eighty-one is larger than eighty-three.,0,81,83,-2,2
Eighty-one is larger than eighty-six.,0,81,86,-5,5
Eighty-one is larger than eighty-seven.,0,81,87,-6,6
Eighty-one is larger than eighty-eight.,0,81,88,-7,7
Eighty-one is larger than ninety-two.,0,81,92,-11,11
Eighty-one is larger than ninety-four.,0,81,94,-13,13
Eighty-one is larger than ninety-five.,0,81,95,-14,14
Eighty-one is larger than ninety-six.,0,81,96,-15,15
Eighty-one is larger than ninety-nine.,0,81,99,-18,18
Eighty-two is larger than fifty-one.,1,82,51,31,31
Eighty-two is larger than fifty-three.,1,82,53,29,29
Eighty-two is larger than fifty-four.,1,82,54,28,28
Eighty-two is larger than fifty-six.,1,82,56,26,26
Eighty-two is larger than fifty-seven.,1,82,57,25,25
Eighty-two is larger than sixty-two.,1,82,62,20,20
Eighty-two is larger than sixty-three.,1,82,63,19,19
Eighty-two is larger than sixty-four.,1,82,64,18,18
Eighty-two is larger than sixty-five.,1,82,65,17,17
Eighty-two is larger than sixty-eight.,1,82,68,14,14
Eighty-two is larger than sixty-nine.,1,82,69,13,13
Eighty-two is larger than seventy-three.,1,82,73,9,9
Eighty-two is larger than seventy-four.,1,82,74,8,8
Eighty-two is larger than seventy-seven.,1,82,77,5,5
Eighty-two is larger than seventy-eight.,1,82,78,4,4
Eighty-two is larger than eighty-one.,1,82,81,1,1
Eighty-two is larger than ninety-one.,0,82,91,-9,9
Eighty-two is larger than ninety-two.,0,82,92,-10,10
Eighty-two is larger than ninety-three.,0,82,93,-11,11
Eighty-two is larger than ninety-four.,0,82,94,-12,12
Eighty-two is larger than ninety-seven.,0,82,97,-15,15
Eighty-two is larger than ninety-eight.,0,82,98,-16,16
Eighty-three is larger than fifty-one.,1,83,51,32,32
Eighty-three is larger than fifty-two.,1,83,52,31,31
Eighty-three is larger than fifty-three.,1,83,53,30,30
Eighty-three is larger than fifty-five.,1,83,55,28,28
Eighty-three is larger than fifty-six.,1,83,56,27,27
Eighty-three is larger than sixty-two.,1,83,62,21,21
Eighty-three is larger than sixty-four.,1,83,64,19,19
Eighty-three is larger than sixty-seven.,1,83,67,16,16
Eighty-three is larger than sixty-eight.,1,83,68,15,15
Eighty-three is larger than sixty-nine.,1,83,69,14,14
Eighty-three is larger than seventy-one.,1,83,71,12,12
Eighty-three is larger than seventy-two.,1,83,72,11,11
Eighty-three is larger than seventy-three.,1,83,73,10,10
Eighty-three is larger than seventy-four.,1,83,74,9,9
Eighty-three is larger than seventy-five.,1,83,75,8,8
Eighty-three is larger than seventy-six.,1,83,76,7,7
Eighty-three is larger than seventy-eight.,1,83,78,5,5
Eighty-three is larger than eighty-one.,1,83,81,2,2
Eighty-three is larger than eighty-four.,0,83,84,-1,1
Eighty-three is larger than eighty-five.,0,83,85,-2,2
Eighty-three is larger than eighty-eight.,0,83,88,-5,5
Eighty-three is larger than ninety-one.,0,83,91,-8,8
Eighty-three is larger than ninety-four.,0,83,94,-11,11
Eighty-three is larger than ninety-seven.,0,83,97,-14,14
Eighty-three is larger than ninety-nine.,0,83,99,-16,16
Eighty-four is larger than fifty-four.,1,84,54,30,30
Eighty-four is larger than fifty-eight.,1,84,58,26,26
Eighty-four is larger than sixty-two.,1,84,62,22,22
Eighty-four is larger than sixty-three.,1,84,63,21,21
Eighty-four is larger than sixty-five.,1,84,65,19,19
Eighty-four is larger than sixty-six.,1,84,66,18,18
Eighty-four is larger than sixty-eight.,1,84,68,16,16
Eighty-four is larger than seventy-one.,1,84,71,13,13
Eighty-four is larger than seventy-two.,1,84,72,12,12
Eighty-four is larger than seventy-three.,1,84,73,11,11
Eighty-four is larger than seventy-four.,1,84,74,10,10
Eighty-four is larger than seventy-seven.,1,84,77,7,7
Eighty-four is larger than seventy-eight.,1,84,78,6,6
Eighty-four is larger than seventy-nine.,1,84,79,5,5
Eighty-four is larger than eighty-two.,1,84,82,2,2
Eighty-four is larger than eighty-three.,1,84,83,1,1
Eighty-four is larger than ninety-one.,0,84,91,-7,7
Eighty-four is larger than ninety-two.,0,84,92,-8,8
Eighty-four is larger than ninety-four.,0,84,94,-10,10
Eighty-four is larger than ninety-five.,0,84,95,-11,11
Eighty-four is larger than ninety-six.,0,84,96,-12,12
Eighty-four is larger than ninety-seven.,0,84,97,-13,13
Eighty-four is larger than ninety-eight.,0,84,98,-14,14
Eighty-four is larger than ninety-nine.,0,84,99,-15,15
Eighty-five is larger than fifty-one.,1,85,51,34,34
Eighty-five is larger than fifty-three.,1,85,53,32,32
Eighty-five is larger than fifty-eight.,1,85,58,27,27
Eighty-five is larger than fifty-nine.,1,85,59,26,26
Eighty-five is larger than sixty-one.,1,85,61,24,24
Eighty-five is larger than sixty-two.,1,85,62,23,23
Eighty-five is larger than sixty-six.,1,85,66,19,19
Eighty-five is larger than seventy-two.,1,85,72,13,13
Eighty-five is larger than seventy-six.,1,85,76,9,9
Eighty-five is larger than seventy-nine.,1,85,79,6,6
Eighty-five is larger than eighty-three.,1,85,83,2,2
Eighty-five is larger than eighty-six.,0,85,86,-1,1
Eighty-five is larger than eighty-seven.,0,85,87,-2,2
Eighty-five is larger than eighty-eight.,0,85,88,-3,3
Eighty-five is larger than eighty-nine.,0,85,89,-4,4
Eighty-five is larger than ninety-two.,0,85,92,-7,7
Eighty-five is larger than ninety-four.,0,85,94,-9,9
Eighty-five is larger than ninety-five.,0,85,95,-10,10
Eighty-five is larger than ninety-six.,0,85,96,-11,11
Eighty-six is larger than fifty-two.,1,86,52,34,34
Eighty-six is larger than fifty-four.,1,86,54,32,32
Eighty-six is larger than fifty-five.,1,86,55,31,31
Eighty-six is larger than fifty-seven.,1,86,57,29,29
Eighty-six is larger than fifty-nine.,1,86,59,27,27
Eighty-six is larger than sixty-two.,1,86,62,24,24
Eighty-six is larger than sixty-three.,1,86,63,23,23
Eighty-six is larger than sixty-four.,1,86,64,22,22
Eighty-six is larger than sixty-five.,1,86,65,21,21
Eighty-six is larger than sixty-six.,1,86,66,20,20
Eighty-six is larger than sixty-eight.,1,86,68,18,18
Eighty-six is larger than seventy-two.,1,86,72,14,14
Eighty-six is larger than seventy-four.,1,86,74,12,12
Eighty-six is larger than seventy-six.,1,86,76,10,10
Eighty-six is larger than seventy-seven.,1,86,77,9,9
Eighty-six is larger than seventy-eight.,1,86,78,8,8
Eighty-six is larger than seventy-nine.,1,86,79,7,7
Eighty-six is larger than eighty-two.,1,86,82,4,4
Eighty-six is larger than eighty-three.,1,86,83,3,3
Eighty-six is larger than eighty-seven.,0,86,87,-1,1
Eighty-six is larger than eighty-eight.,0,86,88,-2,2
Eighty-six is larger than ninety-one.,0,86,91,-5,5
Eighty-six is larger than ninety-two.,0,86,92,-6,6
Eighty-six is larger than ninety-five.,0,86,95,-9,9
Eighty-six is larger than ninety-six.,0,86,96,-10,10
Eighty-six is larger than ninety-seven.,0,86,97,-11,11
Eighty-six is larger than ninety-eight.,0,86,98,-12,12
Eighty-six is larger than ninety-nine.,0,86,99,-13,13
Eighty-seven is larger than fifty-three.,1,87,53,34,34
Eighty-seven is larger than fifty-five.,1,87,55,32,32
Eighty-seven is larger than fifty-six.,1,87,56,31,31
Eighty-seven is larger than fifty-seven.,1,87,57,30,30
Eighty-seven is larger than fifty-eight.,1,87,58,29,29
Eighty-seven is larger than sixty-one.,1,87,61,26,26
Eighty-seven is larger than sixty-two.,1,87,62,25,25
Eighty-seven is larger than sixty-four.,1,87,64,23,23
Eighty-seven is larger than seventy-two.,1,87,72,15,15
Eighty-seven is larger than seventy-four.,1,87,74,13,13
Eighty-seven is larger than seventy-five.,1,87,75,12,12
Eighty-seven is larger than seventy-six.,1,87,76,11,11
Eighty-seven is larger than seventy-eight.,1,87,78,9,9
Eighty-seven is larger than eighty-one.,1,87,81,6,6
Eighty-seven is larger than eighty-four.,1,87,84,3,3
Eighty-seven is larger than eighty-eight.,0,87,88,-1,1
Eighty-seven is larger than ninety-two.,0,87,92,-5,5
Eighty-seven is larger than ninety-five.,0,87,95,-8,8
Eighty-seven is larger than ninety-seven.,0,87,97,-10,10
Eighty-eight is larger than fifty-one.,1,88,51,37,37
Eighty-eight is larger than fifty-two.,1,88,52,36,36
Eighty-eight is larger than fifty-four.,1,88,54,34,34
Eighty-eight is larger than fifty-nine.,1,88,59,29,29
Eighty-eight is larger than sixty-two.,1,88,62,26,26
Eighty-eight is larger than sixty-four.,1,88,64,24,24
Eighty-eight is larger than sixty-six.,1,88,66,22,22
Eighty-eight is larger than seventy-two.,1,88,72,16,16
Eighty-eight is larger than seventy-three.,1,88,73,15,15
Eighty-eight is larger than eighty-five.,1,88,85,3,3
Eighty-eight is larger than eighty-six.,1,88,86,2,2
Eighty-eight is larger than eighty-nine.,0,88,89,-1,1
Eighty-eight is larger than ninety-one.,0,88,91,-3,3
Eighty-eight is larger than ninety-three.,0,88,93,-5,5
Eighty-eight is larger than ninety-four.,0,88,94,-6,6
Eighty-eight is larger than ninety-seven.,0,88,97,-9,9
Eighty-nine is larger than fifty-one.,1,89,51,38,38
Eighty-nine is larger than fifty-two.,1,89,52,37,37
Eighty-nine is larger than fifty-three.,1,89,53,36,36
Eighty-nine is larger than fifty-four.,1,89,54,35,35
Eighty-nine is larger than fifty-five.,1,89,55,34,34
Eighty-nine is larger than fifty-six.,1,89,56,33,33
Eighty-nine is larger than sixty-one.,1,89,61,28,28
Eighty-nine is larger than sixty-two.,1,89,62,27,27
Eighty-nine is larger than sixty-three.,1,89,63,26,26
Eighty-nine is larger than sixty-five.,1,89,65,24,24
Eighty-nine is larger than sixty-seven.,1,89,67,22,22
Eighty-nine is larger than sixty-eight.,1,89,68,21,21
Eighty-nine is larger than seventy-five.,1,89,75,14,14
Eighty-nine is larger than seventy-eight.,1,89,78,11,11
Eighty-nine is larger than seventy-nine.,1,89,79,10,10
Eighty-nine is larger than eighty-two.,1,89,82,7,7
Eighty-nine is larger than eighty-three.,1,89,83,6,6
Eighty-nine is larger than eighty-eight.,1,89,88,1,1
Eighty-nine is larger than ninety-three.,0,89,93,-4,4
Eighty-nine is larger than ninety-five.,0,89,95,-6,6
Eighty-nine is larger than ninety-eight.,0,89,98,-9,9
Ninety-one is larger than fifty-two.,1,91,52,39,39
Ninety-one is larger than fifty-three.,1,91,53,38,38
Ninety-one is larger than fifty-five.,1,91,55,36,36
Ninety-one is larger than fifty-seven.,1,91,57,34,34
Ninety-one is larger than fifty-eight.,1,91,58,33,33
Ninety-one is larger than sixty-one.,1,91,61,30,30
Ninety-one is larger than sixty-two.,1,91,62,29,29
Ninety-one is larger than sixty-four.,1,91,64,27,27
Ninety-one is larger than sixty-seven.,1,91,67,24,24
Ninety-one is larger than seventy-one.,1,91,71,20,20
Ninety-one is larger than seventy-six.,1,91,76,15,15
Ninety-one is larger than seventy-nine.,1,91,79,12,12
Ninety-one is larger than eighty-two.,1,91,82,9,9
Ninety-one is larger than eighty-three.,1,91,83,8,8
Ninety-one is larger than eighty-four.,1,91,84,7,7
Ninety-one is larger than eighty-five.,1,91,85,6,6
Ninety-one is larger than eighty-eight.,1,91,88,3,3
Ninety-one is larger than ninety-three.,0,91,93,-2,2
Ninety-one is larger than ninety-five.,0,91,95,-4,4
Ninety-one is larger than ninety-six.,0,91,96,-5,5
Ninety-one is larger than ninety-seven.,0,91,97,-6,6
Ninety-one is larger than ninety-nine.,0,91,99,-8,8
Ninety-two is larger than fifty-two.,1,92,52,40,40
Ninety-two is larger than fifty-four.,1,92,54,38,38
Ninety-two is larger than fifty-six.,1,92,56,36,36
Ninety-two is larger than fifty-seven.,1,92,57,35,35
Ninety-two is larger than sixty-one.,1,92,61,31,31
Ninety-two is larger than sixty-two.,1,92,62,30,30
Ninety-two is larger than sixty-three.,1,92,63,29,29
Ninety-two is larger than sixty-five.,1,92,65,27,27
Ninety-two is larger than seventy-one.,1,92,71,21,21
Ninety-two is larger than seventy-four.,1,92,74,18,18
Ninety-two is larger than seventy-five.,1,92,75,17,17
Ninety-two is larger than seventy-nine.,1,92,79,13,13
Ninety-two is larger than eighty-five.,1,92,85,7,7
Ninety-two is larger than eighty-seven.,1,92,87,5,5
Ninety-two is larger than ninety-three.,0,92,93,-1,1
Ninety-two is larger than ninety-four.,0,92,94,-2,2
Ninety-two is larger than ninety-five.,0,92,95,-3,3
Ninety-two is larger than ninety-seven.,0,92,97,-5,5
Ninety-two is larger than ninety-eight.,0,92,98,-6,6
Ninety-two is larger than ninety-nine.,0,92,99,-7,7
Ninety-three is larger than fifty-one.,1,93,51,42,42
Ninety-three is larger than fifty-two.,1,93,52,41,41
Ninety-three is larger than fifty-four.,1,93,54,39,39
Ninety-three is larger than fifty-six.,1,93,56,37,37
Ninety-three is larger than fifty-seven.,1,93,57,36,36
Ninety-three is larger than fifty-nine.,1,93,59,34,34
Ninety-three is larger than sixty-five.,1,93,65,28,28
Ninety-three is larger than sixty-seven.,1,93,67,26,26
Ninety-three is larger than sixty-nine.,1,93,69,24,24
Ninety-three is larger than seventy-one.,1,93,71,22,22
Ninety-three is larger than seventy-two.,1,93,72,21,21
Ninety-three is larger than seventy-three.,1,93,73,20,20
Ninety-three is larger than seventy-four.,1,93,74,19,19
Ninety-three is larger than seventy-five.,1,93,75,18,18
Ninety-three is larger than seventy-seven.,1,93,77,16,16
Ninety-three is larger than seventy-nine.,1,93,79,14,14
Ninety-three is larger than eighty-one.,1,93,81,12,12
Ninety-three is larger than eighty-three.,1,93,83,10,10
Ninety-three is larger than eighty-five.,1,93,85,8,8
Ninety-three is larger than eighty-six.,1,93,86,7,7
Ninety-three is larger than eighty-seven.,1,93,87,6,6
Ninety-three is larger than eighty-eight.,1,93,88,5,5
Ninety-three is larger than ninety-one.,1,93,91,2,2
Ninety-three is larger than ninety-six.,0,93,96,-3,3
Ninety-three is larger than ninety-seven.,0,93,97,-4,4
Ninety-three is larger than ninety-nine.,0,93,99,-6,6
Ninety-four is larger than fifty-two.,1,94,52,42,42
Ninety-four is larger than fifty-four.,1,94,54,40,40
Ninety-four is larger than fifty-five.,1,94,55,39,39
Ninety-four is larger than fifty-seven.,1,94,57,37,37
Ninety-four is larger than fifty-nine.,1,94,59,35,35
Ninety-four is larger than sixty-two.,1,94,62,32,32
Ninety-four is larger than sixty-three.,1,94,63,31,31
Ninety-four is larger than sixty-four.,1,94,64,30,30
Ninety-four is larger than sixty-five.,1,94,65,29,29
Ninety-four is larger than sixty-six.,1,94,66,28,28
Ninety-four is larger than sixty-eight.,1,94,68,26,26
Ninety-four is larger than seventy-one.,1,94,71,23,23
Ninety-four is larger than seventy-four.,1,94,74,20,20
Ninety-four is larger than seventy-five.,1,94,75,19,19
Ninety-four is larger than seventy-seven.,1,94,77,17,17
Ninety-four is larger than seventy-nine.,1,94,79,15,15
Ninety-four is larger than eighty-three.,1,94,83,11,11
Ninety-four is larger than eighty-six.,1,94,86,8,8
Ninety-four is larger than eighty-seven.,1,94,87,7,7
Ninety-four is larger than ninety-one.,1,94,91,3,3
Ninety-four is larger than ninety-two.,1,94,92,2,2
Ninety-four is larger than ninety-five.,0,94,95,-1,1
Ninety-four is larger than ninety-seven.,0,94,97,-3,3
Ninety-five is larger than fifty-five.,1,95,55,40,40
Ninety-five is larger than fifty-eight.,1,95,58,37,37
Ninety-five is larger than sixty-one.,1,95,61,34,34
Ninety-five is larger than sixty-two.,1,95,62,33,33
Ninety-five is larger than sixty-four.,1,95,64,31,31
Ninety-five is larger than sixty-five.,1,95,65,30,30
Ninety-five is larger than sixty-seven.,1,95,67,28,28
Ninety-five is larger than sixty-eight.,1,95,68,27,27
Ninety-five is larger than sixty-nine.,1,95,69,26,26
Ninety-five is larger than seventy-one.,1,95,71,24,24
Ninety-five is larger than seventy-two.,1,95,72,23,23
Ninety-five is larger than seventy-four.,1,95,74,21,21
Ninety-five is larger than seventy-five.,1,95,75,20,20
Ninety-five is larger than seventy-seven.,1,95,77,18,18
Ninety-five is larger than seventy-nine.,1,95,79,16,16
Ninety-five is larger than eighty-one.,1,95,81,14,14
Ninety-five is larger than eighty-two.,1,95,82,13,13
Ninety-five is larger than eighty-five.,1,95,85,10,10
Ninety-five is larger than eighty-six.,1,95,86,9,9
Ninety-five is larger than eighty-eight.,1,95,88,7,7
Ninety-five is larger than eighty-nine.,1,95,89,6,6
Ninety-five is larger than ninety-three.,1,95,93,2,2
Ninety-five is larger than ninety-six.,0,95,96,-1,1
Ninety-five is larger than ninety-nine.,0,95,99,-4,4
Ninety-six is larger than fifty-one.,1,96,51,45,45
Ninety-six is larger than fifty-five.,1,96,55,41,41
Ninety-six is larger than fifty-six.,1,96,56,40,40
Ninety-six is larger than fifty-seven.,1,96,57,39,39
Ninety-six is larger than fifty-nine.,1,96,59,37,37
Ninety-six is larger than sixty-one.,1,96,61,35,35
Ninety-six is larger than sixty-two.,1,96,62,34,34
Ninety-six is larger than sixty-four.,1,96,64,32,32
Ninety-six is larger than sixty-eight.,1,96,68,28,28
Ninety-six is larger than sixty-nine.,1,96,69,27,27
Ninety-six is larger than seventy-one.,1,96,71,25,25
Ninety-six is larger than seventy-three.,1,96,73,23,23
Ninety-six is larger than seventy-seven.,1,96,77,19,19
Ninety-six is larger than seventy-nine.,1,96,79,17,17
Ninety-six is larger than eighty-three.,1,96,83,13,13
Ninety-six is larger than eighty-eight.,1,96,88,8,8
Ninety-six is larger than eighty-nine.,1,96,89,7,7
Ninety-six is larger than ninety-two.,1,96,92,4,4
Ninety-six is larger than ninety-four.,1,96,94,2,2
Ninety-seven is larger than fifty-three.,1,97,53,44,44
Ninety-seven is larger than fifty-five.,1,97,55,42,42
Ninety-seven is larger than fifty-six.,1,97,56,41,41
Ninety-seven is larger than sixty-three.,1,97,63,34,34
Ninety-seven is larger than sixty-four.,1,97,64,33,33
Ninety-seven is larger than sixty-five.,1,97,65,32,32
Ninety-seven is larger than sixty-six.,1,97,66,31,31
Ninety-seven is larger than sixty-eight.,1,97,68,29,29
Ninety-seven is larger than seventy-six.,1,97,76,21,21
Ninety-seven is larger than seventy-nine.,1,97,79,18,18
Ninety-seven is larger than eighty-one.,1,97,81,16,16
Ninety-seven is larger than eighty-four.,1,97,84,13,13
Ninety-seven is larger than eighty-six.,1,97,86,11,11
Ninety-seven is larger than eighty-seven.,1,97,87,10,10
Ninety-seven is larger than eighty-eight.,1,97,88,9,9
Ninety-seven is larger than eighty-nine.,1,97,89,8,8
Ninety-seven is larger than ninety-two.,1,97,92,5,5
Ninety-seven is larger than ninety-four.,1,97,94,3,3
Ninety-seven is larger than ninety-five.,1,97,95,2,2
Ninety-seven is larger than ninety-six.,1,97,96,1,1
Ninety-seven is larger than ninety-nine.,0,97,99,-2,2
Ninety-eight is larger than fifty-one.,1,98,51,47,47
Ninety-eight is larger than fifty-three.,1,98,53,45,45
Ninety-eight is larger than fifty-four.,1,98,54,44,44
Ninety-eight is larger than fifty-eight.,1,98,58,40,40
Ninety-eight is larger than fifty-nine.,1,98,59,39,39
Ninety-eight is larger than sixty-two.,1,98,62,36,36
Ninety-eight is larger than sixty-four.,1,98,64,34,34
Ninety-eight is larger than sixty-six.,1,98,66,32,32
Ninety-eight is larger than sixty-nine.,1,98,69,29,29
Ninety-eight is larger than seventy-two.,1,98,72,26,26
Ninety-eight is larger than seventy-three.,1,98,73,25,25
Ninety-eight is larger than seventy-four.,1,98,74,24,24
Ninety-eight is larger than seventy-six.,1,98,76,22,22
Ninety-eight is larger than seventy-eight.,1,98,78,20,20
Ninety-eight is larger than seventy-nine.,1,98,79,19,19
Ninety-eight is larger than eighty-two.,1,98,82,16,16
Ninety-eight is larger than eighty-four.,1,98,84,14,14
Ninety-eight is larger than eighty-six.,1,98,86,12,12
Ninety-eight is larger than eighty-seven.,1,98,87,11,11
Ninety-eight is larger than eighty-eight.,1,98,88,10,10
Ninety-eight is larger than ninety-three.,1,98,93,5,5
Ninety-eight is larger than ninety-five.,1,98,95,3,3
Ninety-eight is larger than ninety-six.,1,98,96,2,2
Ninety-eight is larger than ninety-seven.,1,98,97,1,1
Ninety-eight is larger than ninety-nine.,0,98,99,-1,1
Ninety-nine is larger than fifty-one.,1,99,51,48,48
Ninety-nine is larger than fifty-two.,1,99,52,47,47
Ninety-nine is larger than fifty-five.,1,99,55,44,44
Ninety-nine is larger than fifty-eight.,1,99,58,41,41
Ninety-nine is larger than fifty-nine.,1,99,59,40,40
Ninety-nine is larger than sixty-three.,1,99,63,36,36
Ninety-nine is larger than sixty-five.,1,99,65,34,34
Ninety-nine is larger than sixty-nine.,1,99,69,30,30
Ninety-nine is larger than seventy-two.,1,99,72,27,27
Ninety-nine is larger than seventy-four.,1,99,74,25,25
Ninety-nine is larger than seventy-seven.,1,99,77,22,22
Ninety-nine is larger than seventy-eight.,1,99,78,21,21
Ninety-nine is larger than seventy-nine.,1,99,79,20,20
Ninety-nine is larger than eighty-two.,1,99,82,17,17
Ninety-nine is larger than eighty-four.,1,99,84,15,15
Ninety-nine is larger than eighty-five.,1,99,85,14,14
Ninety-nine is larger than eighty-six.,1,99,86,13,13
Ninety-nine is larger than eighty-eight.,1,99,88,11,11
Ninety-nine is larger than eighty-nine.,1,99,89,10,10
Ninety-nine is larger than ninety-three.,1,99,93,6,6
Ninety-nine is larger than ninety-six.,1,99,96,3,3
Ninety-nine is larger than ninety-seven.,1,99,97,2,2
Ninety-nine is larger than ninety-eight.,1,99,98,1,1
